Entropy (H),NPCR (%),UACI (%),Horizontal,Vertical,Diagonal,Image
7.999843557365356,99.60861206054688,33.07534273932961,0.012518815196749649,0.00794114811989465,0.03444922411769313,img1
